Method,TPR,FPR,Precision,Recall,ROC AUC,PR AUC,Confusion Matrix
SVC,"[0.         0.0112     0.0112     0.0112     0.0112     0.0122
 0.0122     0.0122     0.0122     0.0122     0.0152     0.0152
 0.0152     0.0152     0.0152     0.02070909 0.0207697  0.0208303
 0.02089091 0.02095152 0.0257     0.0257     0.0257     0.0257
 0.0257     0.0341     0.0341     0.0341     0.0341     0.0341
 0.04561818 0.04567879 0.04573939 0.0458     0.04586061 0.0589
 0.0589     0.0589     0.0589     0.0589     0.07761616 0.07765657
 0.07769697 0.07773737 0.07777778 0.09817273 0.09833434 0.09849596
 0.09865758 0.09881919 0.1246101  0.1246303  0.12465051 0.12467071
 0.12469091 0.15265556 0.15275657 0.15285758 0.15295859 0.1530596
 0.18556061 0.18566162 0.18576263 0.18586364 0.18596465 0.22104444
 0.22126667 0.22148889 0.22171111 0.22193333 0.26110505 0.26139798
 0.26169091 0.26198384 0.26227677 0.31769394 0.31788586 0.31807778
 0.3182697  0.31846162 0.38471313 0.38485455 0.38499596 0.38513737
 0.38527879 0.48303182 0.48330455 0.48357727 0.48385    0.48412273
 0.60531364 0.60605101 0.60678838 0.60752576 0.60826313 0.77536768
 0.77617576 0.77698384 0.77779192 1.        ]","[0.         0.01010101 0.02020202 0.03030303 0.04040404 0.05050505
 0.06060606 0.07070707 0.08080808 0.09090909 0.1010101  0.11111111
 0.12121212 0.13131313 0.14141414 0.15151515 0.16161616 0.17171717
 0.18181818 0.19191919 0.2020202  0.21212121 0.22222222 0.23232323
 0.24242424 0.25252525 0.26262626 0.27272727 0.28282828 0.29292929
 0.3030303  0.31313131 0.32323232 0.33333333 0.34343434 0.35353535
 0.36363636 0.37373737 0.38383838 0.39393939 0.4040404  0.41414141
 0.42424242 0.43434343 0.44444444 0.45454545 0.46464646 0.47474747
 0.48484848 0.49494949 0.50505051 0.51515152 0.52525253 0.53535354
 0.54545455 0.55555556 0.56565657 0.57575758 0.58585859 0.5959596
 0.60606061 0.61616162 0.62626263 0.63636364 0.64646465 0.65656566
 0.66666667 0.67676768 0.68686869 0.6969697  0.70707071 0.71717172
 0.72727273 0.73737374 0.74747475 0.75757576 0.76767677 0.77777778
 0.78787879 0.7979798  0.80808081 0.81818182 0.82828283 0.83838384
 0.84848485 0.85858586 0.86868687 0.87878788 0.88888889 0.8989899
 0.90909091 0.91919192 0.92929293 0.93939394 0.94949495 0.95959596
 0.96969697 0.97979798 0.98989899 1.        ]","[1.         0.80536027 0.82672054 0.84808081 0.86944108 0.88212576
 0.88997424 0.89782273 0.90567121 0.9135197  0.90542451 0.91012196
 0.91481941 0.91951686 0.92421431 0.90840255 0.91170526 0.91500797
 0.91831068 0.92161339 0.90897972 0.91182275 0.91466578 0.91750882
 0.92035185 0.90072558 0.90334219 0.90595879 0.9085754  0.911192
 0.88874931 0.89116247 0.89357563 0.8959888  0.89840196 0.87498888
 0.87748345 0.87997803 0.88247261 0.88496719 0.8559559  0.85846861
 0.86098131 0.86349401 0.86600671 0.83872831 0.84109312 0.84345794
 0.84582275 0.84818756 0.81812743 0.82067816 0.82322888 0.82577961
 0.82833034 0.79912582 0.80159622 0.80406662 0.80653703 0.80900743
 0.77895564 0.781456   0.78395635 0.7864567  0.78895705 0.76011862
 0.76250891 0.76489921 0.7672895  0.76967979 0.74167969 0.74398035
 0.74628102 0.74858168 0.75088234 0.71512071 0.71751823 0.71991576
 0.72231329 0.72471081 0.68874012 0.69118168 0.69362325 0.69606481
 0.69850637 0.65128658 0.65370635 0.65612612 0.65854589 0.66096566
 0.61120641 0.61343321 0.61566    0.61788679 0.62011359 0.56005528
 0.56229559 0.5645359  0.56677621 0.56901652]","[0.         0.01010101 0.02020202 0.03030303 0.04040404 0.05050505
 0.06060606 0.07070707 0.08080808 0.09090909 0.1010101  0.11111111
 0.12121212 0.13131313 0.14141414 0.15151515 0.16161616 0.17171717
 0.18181818 0.19191919 0.2020202  0.21212121 0.22222222 0.23232323
 0.24242424 0.25252525 0.26262626 0.27272727 0.28282828 0.29292929
 0.3030303  0.31313131 0.32323232 0.33333333 0.34343434 0.35353535
 0.36363636 0.37373737 0.38383838 0.39393939 0.4040404  0.41414141
 0.42424242 0.43434343 0.44444444 0.45454545 0.46464646 0.47474747
 0.48484848 0.49494949 0.50505051 0.51515152 0.52525253 0.53535354
 0.54545455 0.55555556 0.56565657 0.57575758 0.58585859 0.5959596
 0.60606061 0.61616162 0.62626263 0.63636364 0.64646465 0.65656566
 0.66666667 0.67676768 0.68686869 0.6969697  0.70707071 0.71717172
 0.72727273 0.73737374 0.74747475 0.75757576 0.76767677 0.77777778
 0.78787879 0.7979798  0.80808081 0.81818182 0.82828283 0.83838384
 0.84848485 0.85858586 0.86868687 0.87878788 0.88888889 0.8989899
 0.90909091 0.91919192 0.92929293 0.93939394 0.94949495 0.95959596
 0.96969697 0.97979798 0.98989899 1.        ]",0.7305,0.7305,"[[14.448  5.552]
 [ 5.228 14.772]]"
RandomForest,"[0.         0.00430707 0.00501414 0.00572121 0.00642828 0.00993067
 0.01054414 0.01115761 0.01177108 0.01238455 0.01915835 0.02037519
 0.02159202 0.02280886 0.02402569 0.03000005 0.03160039 0.03320072
 0.03480106 0.0364014  0.04443951 0.04672874 0.04901796 0.05130719
 0.05359641 0.06084077 0.06335054 0.0658603  0.06837007 0.07087983
 0.07997909 0.08245384 0.08492859 0.08740333 0.08987808 0.10042017
 0.10337303 0.10632589 0.10927875 0.11223162 0.1249311  0.12850051
 0.13206991 0.13563932 0.13920873 0.14898641 0.1536853  0.15838419
 0.16308309 0.16778198 0.18001171 0.18457227 0.18913282 0.19369338
 0.19825394 0.21400005 0.21962526 0.22525046 0.23087567 0.23650087
 0.25310749 0.25886838 0.26462928 0.27039017 0.27615107 0.2953176
 0.30262563 0.30993367 0.3172417  0.32454973 0.34712962 0.35511172
 0.36309383 0.37107594 0.37905804 0.40884441 0.41749886 0.42615331
 0.43480776 0.44346221 0.47620896 0.48635379 0.49649862 0.50664345
 0.51678828 0.55919402 0.56941052 0.57962702 0.58984352 0.60006002
 0.66184379 0.6728017  0.68375961 0.69471753 0.70567544 0.78487138
 0.79355354 0.80223569 0.81091785 1.        ]","[0.         0.01010101 0.02020202 0.03030303 0.04040404 0.05050505
 0.06060606 0.07070707 0.08080808 0.09090909 0.1010101  0.11111111
 0.12121212 0.13131313 0.14141414 0.15151515 0.16161616 0.17171717
 0.18181818 0.19191919 0.2020202  0.21212121 0.22222222 0.23232323
 0.24242424 0.25252525 0.26262626 0.27272727 0.28282828 0.29292929
 0.3030303  0.31313131 0.32323232 0.33333333 0.34343434 0.35353535
 0.36363636 0.37373737 0.38383838 0.39393939 0.4040404  0.41414141
 0.42424242 0.43434343 0.44444444 0.45454545 0.46464646 0.47474747
 0.48484848 0.49494949 0.50505051 0.51515152 0.52525253 0.53535354
 0.54545455 0.55555556 0.56565657 0.57575758 0.58585859 0.5959596
 0.60606061 0.61616162 0.62626263 0.63636364 0.64646465 0.65656566
 0.66666667 0.67676768 0.68686869 0.6969697  0.70707071 0.71717172
 0.72727273 0.73737374 0.74747475 0.75757576 0.76767677 0.77777778
 0.78787879 0.7979798  0.80808081 0.81818182 0.82828283 0.83838384
 0.84848485 0.85858586 0.86868687 0.87878788 0.88888889 0.8989899
 0.90909091 0.91919192 0.92929293 0.93939394 0.94949495 0.95959596
 0.96969697 0.97979798 0.98989899 1.        ]","[1.         0.93582876 0.93565753 0.93548629 0.93531506 0.91124027
 0.91299809 0.9147559  0.91651372 0.91827154 0.88619251 0.88691524
 0.88763797 0.8883607  0.88908343 0.87071496 0.87044874 0.87018253
 0.86991631 0.86965009 0.85045093 0.849266   0.84808108 0.84689615
 0.84571123 0.8334507  0.83245395 0.83145721 0.83046046 0.82946372
 0.8149668  0.81466067 0.81435454 0.81404842 0.81374229 0.80028078
 0.799677   0.79907321 0.79846943 0.79786565 0.78324045 0.78231692
 0.78139339 0.78046985 0.77954632 0.77129364 0.76936326 0.76743288
 0.7655025  0.76357212 0.75349812 0.75226796 0.75103779 0.74980763
 0.74857746 0.73698468 0.73539202 0.73379935 0.73220669 0.73061402
 0.7200066  0.71859181 0.71717701 0.71576222 0.71434743 0.70381508
 0.70173947 0.69966387 0.69758826 0.69551265 0.68390831 0.68181325
 0.67971818 0.67762311 0.67552805 0.66121862 0.65928502 0.65735141
 0.65541781 0.65348421 0.63912179 0.63696168 0.63480158 0.63264148
 0.63048138 0.61383187 0.61208128 0.6103307  0.60858011 0.60682952
 0.58522407 0.58365323 0.58208239 0.58051155 0.57894071 0.5541138
 0.55375341 0.55339301 0.55303261 0.55267221]","[0.         0.01010101 0.02020202 0.03030303 0.04040404 0.05050505
 0.06060606 0.07070707 0.08080808 0.09090909 0.1010101  0.11111111
 0.12121212 0.13131313 0.14141414 0.15151515 0.16161616 0.17171717
 0.18181818 0.19191919 0.2020202  0.21212121 0.22222222 0.23232323
 0.24242424 0.25252525 0.26262626 0.27272727 0.28282828 0.29292929
 0.3030303  0.31313131 0.32323232 0.33333333 0.34343434 0.35353535
 0.36363636 0.37373737 0.38383838 0.39393939 0.4040404  0.41414141
 0.42424242 0.43434343 0.44444444 0.45454545 0.46464646 0.47474747
 0.48484848 0.49494949 0.50505051 0.51515152 0.52525253 0.53535354
 0.54545455 0.55555556 0.56565657 0.57575758 0.58585859 0.5959596
 0.60606061 0.61616162 0.62626263 0.63636364 0.64646465 0.65656566
 0.66666667 0.67676768 0.68686869 0.6969697  0.70707071 0.71717172
 0.72727273 0.73737374 0.74747475 0.75757576 0.76767677 0.77777778
 0.78787879 0.7979798  0.80808081 0.81818182 0.82828283 0.83838384
 0.84848485 0.85858586 0.86868687 0.87878788 0.88888889 0.8989899
 0.90909091 0.91919192 0.92929293 0.93939394 0.94949495 0.95959596
 0.96969697 0.97979798 0.98989899 1.        ]",0.6834000000000001,0.6834000000000001,"[[14.528  5.472]
 [ 7.192 12.808]]"
LogisticRegression,"[0.         0.0118     0.0118     0.0118     0.0118     0.0287
 0.0287     0.0287     0.0287     0.0287     0.0464     0.0464
 0.0464     0.0464     0.0464     0.0641     0.0641     0.0641
 0.0641     0.0641     0.0808     0.0808     0.0808     0.0808
 0.0808     0.1        0.1        0.1        0.1        0.1
 0.118      0.118      0.118      0.118      0.118      0.13973535
 0.13983636 0.13993737 0.14003838 0.14013939 0.1593     0.1593
 0.1593     0.1593     0.1593     0.18471818 0.18475859 0.18479899
 0.18483939 0.1848798  0.21738081 0.21754242 0.21770404 0.21786566
 0.21802727 0.25152222 0.25174444 0.25196667 0.25218889 0.25241111
 0.2907303  0.29111414 0.29149798 0.29188182 0.29226566 0.33392323
 0.33426667 0.3346101  0.33495354 0.33529697 0.38760404 0.38803838
 0.38847273 0.38890707 0.38934141 0.44078485 0.44109798 0.44141111
 0.44172424 0.44203737 0.50952323 0.50992727 0.51033131 0.51073535
 0.51113939 0.60233737 0.60249899 0.60266061 0.60282222 0.60298384
 0.71699091 0.71709192 0.71719293 0.71729394 0.71739495 0.87073838
 0.87077879 0.87081919 0.8708596  1.        ]","[0.         0.01010101 0.02020202 0.03030303 0.04040404 0.05050505
 0.06060606 0.07070707 0.08080808 0.09090909 0.1010101  0.11111111
 0.12121212 0.13131313 0.14141414 0.15151515 0.16161616 0.17171717
 0.18181818 0.19191919 0.2020202  0.21212121 0.22222222 0.23232323
 0.24242424 0.25252525 0.26262626 0.27272727 0.28282828 0.29292929
 0.3030303  0.31313131 0.32323232 0.33333333 0.34343434 0.35353535
 0.36363636 0.37373737 0.38383838 0.39393939 0.4040404  0.41414141
 0.42424242 0.43434343 0.44444444 0.45454545 0.46464646 0.47474747
 0.48484848 0.49494949 0.50505051 0.51515152 0.52525253 0.53535354
 0.54545455 0.55555556 0.56565657 0.57575758 0.58585859 0.5959596
 0.60606061 0.61616162 0.62626263 0.63636364 0.64646465 0.65656566
 0.66666667 0.67676768 0.68686869 0.6969697  0.70707071 0.71717172
 0.72727273 0.73737374 0.74747475 0.75757576 0.76767677 0.77777778
 0.78787879 0.7979798  0.80808081 0.81818182 0.82828283 0.83838384
 0.84848485 0.85858586 0.86868687 0.87878788 0.88888889 0.8989899
 0.90909091 0.91919192 0.92929293 0.93939394 0.94949495 0.95959596
 0.96969697 0.97979798 0.98989899 1.        ]","[1.         0.81542761 0.83485522 0.85428283 0.87371044 0.75911229
 0.77402475 0.78893721 0.80384966 0.81876212 0.74857322 0.75980538
 0.77103754 0.7822697  0.79350187 0.74210697 0.75111114 0.76011531
 0.76911948 0.77812365 0.74406349 0.75137953 0.75869556 0.76601159
 0.77332762 0.74285681 0.74898938 0.75512196 0.76125453 0.76738711
 0.74234281 0.74764438 0.75294595 0.75824751 0.76354908 0.73629736
 0.7409353  0.74557324 0.75021118 0.75484911 0.73396636 0.73823467
 0.74250298 0.74677129 0.7510396  0.7263995  0.73030191 0.73420432
 0.73810674 0.74200915 0.71264774 0.71622875 0.71980976 0.72339078
 0.72697179 0.70027978 0.70361084 0.70694189 0.71027295 0.713604
 0.68680028 0.68984806 0.69289584 0.69594363 0.69899141 0.67275328
 0.67568688 0.67862048 0.68155408 0.68448768 0.65558018 0.65833675
 0.66109331 0.66384988 0.66660644 0.64137023 0.6440862  0.64680216
 0.64951813 0.6522341  0.62227488 0.62485562 0.62743637 0.63001711
 0.63259786 0.59627631 0.59891351 0.60155071 0.6041879  0.6068251
 0.56612172 0.56871489 0.57130805 0.57390121 0.57649438 0.52768705
 0.53023338 0.53277971 0.53532604 0.53787237]","[0.         0.01010101 0.02020202 0.03030303 0.04040404 0.05050505
 0.06060606 0.07070707 0.08080808 0.09090909 0.1010101  0.11111111
 0.12121212 0.13131313 0.14141414 0.15151515 0.16161616 0.17171717
 0.18181818 0.19191919 0.2020202  0.21212121 0.22222222 0.23232323
 0.24242424 0.25252525 0.26262626 0.27272727 0.28282828 0.29292929
 0.3030303  0.31313131 0.32323232 0.33333333 0.34343434 0.35353535
 0.36363636 0.37373737 0.38383838 0.39393939 0.4040404  0.41414141
 0.42424242 0.43434343 0.44444444 0.45454545 0.46464646 0.47474747
 0.48484848 0.49494949 0.50505051 0.51515152 0.52525253 0.53535354
 0.54545455 0.55555556 0.56565657 0.57575758 0.58585859 0.5959596
 0.60606061 0.61616162 0.62626263 0.63636364 0.64646465 0.65656566
 0.66666667 0.67676768 0.68686869 0.6969697  0.70707071 0.71717172
 0.72727273 0.73737374 0.74747475 0.75757576 0.76767677 0.77777778
 0.78787879 0.7979798  0.80808081 0.81818182 0.82828283 0.83838384
 0.84848485 0.85858586 0.86868687 0.87878788 0.88888889 0.8989899
 0.90909091 0.91919192 0.92929293 0.93939394 0.94949495 0.95959596
 0.96969697 0.97979798 0.98989899 1.        ]",0.6676500000000001,0.6676500000000001,"[[13.036  6.964]
 [ 6.33  13.67 ]]"
KNN,"[0.         0.00280561 0.00561123 0.00841684 0.01122245 0.01402814
 0.0168351  0.01964206 0.02244902 0.02525598 0.02805216 0.03075139
 0.03345061 0.03614984 0.03884906 0.04154661 0.04423467 0.04692273
 0.04961079 0.05229884 0.05500492 0.05778304 0.06056116 0.06333929
 0.06611741 0.06897152 0.07205356 0.0751356  0.07821763 0.08129967
 0.08448557 0.0879138  0.09134204 0.09477027 0.0981985  0.10173258
 0.1054632  0.10919383 0.11292446 0.11665509 0.12051424 0.12456618
 0.12861811 0.13267005 0.13672198 0.14090572 0.14525056 0.1495954
 0.15394024 0.15828508 0.1628714  0.16769919 0.17252698 0.17735476
 0.18218255 0.18739092 0.19291066 0.1984304  0.20395015 0.20946989
 0.21584298 0.22278497 0.22972696 0.23666895 0.24361094 0.25160128
 0.26015611 0.26871095 0.27726578 0.28582062 0.29684787 0.30793474
 0.31902161 0.33010848 0.34119535 0.35539269 0.36982686 0.38426102
 0.39869519 0.41312936 0.43145306 0.44924915 0.46704523 0.48484132
 0.50263741 0.52654702 0.54788844 0.56922986 0.59057128 0.6119127
 0.65047529 0.6753958  0.7003163  0.7252368  0.75015731 0.79808249
 0.82458687 0.85109125 0.87759562 1.        ]","[0.         0.01010101 0.02020202 0.03030303 0.04040404 0.05050505
 0.06060606 0.07070707 0.08080808 0.09090909 0.1010101  0.11111111
 0.12121212 0.13131313 0.14141414 0.15151515 0.16161616 0.17171717
 0.18181818 0.19191919 0.2020202  0.21212121 0.22222222 0.23232323
 0.24242424 0.25252525 0.26262626 0.27272727 0.28282828 0.29292929
 0.3030303  0.31313131 0.32323232 0.33333333 0.34343434 0.35353535
 0.36363636 0.37373737 0.38383838 0.39393939 0.4040404  0.41414141
 0.42424242 0.43434343 0.44444444 0.45454545 0.46464646 0.47474747
 0.48484848 0.49494949 0.50505051 0.51515152 0.52525253 0.53535354
 0.54545455 0.55555556 0.56565657 0.57575758 0.58585859 0.5959596
 0.60606061 0.61616162 0.62626263 0.63636364 0.64646465 0.65656566
 0.66666667 0.67676768 0.68686869 0.6969697  0.70707071 0.71717172
 0.72727273 0.73737374 0.74747475 0.75757576 0.76767677 0.77777778
 0.78787879 0.7979798  0.80808081 0.81818182 0.82828283 0.83838384
 0.84848485 0.85858586 0.86868687 0.87878788 0.88888889 0.8989899
 0.90909091 0.91919192 0.92929293 0.93939394 0.94949495 0.95959596
 0.96969697 0.97979798 0.98989899 1.        ]","[1.         0.99179931 0.98359862 0.97539793 0.96719724 0.95900606
 0.9509956  0.94298514 0.93497469 0.92696423 0.91906534 0.91217063
 0.90527591 0.8983812  0.89148649 0.8847616  0.87899909 0.87323659
 0.86747408 0.86171157 0.85618061 0.85157586 0.84697112 0.84236637
 0.83776162 0.83345471 0.83004132 0.82662793 0.82321454 0.81980115
 0.81662356 0.81399617 0.81136877 0.80874137 0.80611398 0.80368855
 0.80163821 0.79958788 0.79753754 0.7954872  0.79353552 0.79173181
 0.78992811 0.78812441 0.78632071 0.78449474 0.78264158 0.78078841
 0.77893524 0.77708207 0.77517842 0.77322429 0.77127015 0.76931602
 0.76736189 0.76525657 0.76302756 0.76079856 0.75856955 0.75634054
 0.75375591 0.7509342  0.74811249 0.74529078 0.74246907 0.73917045
 0.73561502 0.7320596  0.72850417 0.72494875 0.72012631 0.71549613
 0.71086595 0.70623576 0.70160558 0.69600379 0.69043795 0.68487212
 0.67930628 0.67374044 0.66701036 0.66067282 0.65433529 0.64799775
 0.64166022 0.63348942 0.62668159 0.61987377 0.61306594 0.60625812
 0.59351296 0.58654314 0.57957333 0.57260352 0.5656337  0.55187624
 0.54574193 0.53960763 0.53347333 0.52733902]","[0.         0.01010101 0.02020202 0.03030303 0.04040404 0.05050505
 0.06060606 0.07070707 0.08080808 0.09090909 0.1010101  0.11111111
 0.12121212 0.13131313 0.14141414 0.15151515 0.16161616 0.17171717
 0.18181818 0.19191919 0.2020202  0.21212121 0.22222222 0.23232323
 0.24242424 0.25252525 0.26262626 0.27272727 0.28282828 0.29292929
 0.3030303  0.31313131 0.32323232 0.33333333 0.34343434 0.35353535
 0.36363636 0.37373737 0.38383838 0.39393939 0.4040404  0.41414141
 0.42424242 0.43434343 0.44444444 0.45454545 0.46464646 0.47474747
 0.48484848 0.49494949 0.50505051 0.51515152 0.52525253 0.53535354
 0.54545455 0.55555556 0.56565657 0.57575758 0.58585859 0.5959596
 0.60606061 0.61616162 0.62626263 0.63636364 0.64646465 0.65656566
 0.66666667 0.67676768 0.68686869 0.6969697  0.70707071 0.71717172
 0.72727273 0.73737374 0.74747475 0.75757576 0.76767677 0.77777778
 0.78787879 0.7979798  0.80808081 0.81818182 0.82828283 0.83838384
 0.84848485 0.85858586 0.86868687 0.87878788 0.88888889 0.8989899
 0.90909091 0.91919192 0.92929293 0.93939394 0.94949495 0.95959596
 0.96969697 0.97979798 0.98989899 1.        ]",0.6955,0.6955,"[[11.55  8.45]
 [ 3.73 16.27]]"
AdaBoost,"[0.         0.00358772 0.00377544 0.00396316 0.00415087 0.01144011
 0.01165813 0.01187615 0.01209417 0.01231219 0.02523527 0.02550379
 0.02577232 0.02604084 0.02630937 0.040778   0.0410472  0.0413164
 0.0415856  0.0418548  0.06052669 0.06080936 0.06109203 0.0613747
 0.06165736 0.0834471  0.08375805 0.084069   0.08437996 0.08469091
 0.1075261  0.10791786 0.10830962 0.10870138 0.10909313 0.13585956
 0.13617892 0.13649829 0.13681766 0.13713703 0.16018441 0.16057381
 0.16096322 0.16135262 0.16174202 0.19245737 0.19290443 0.19335149
 0.19379855 0.1942456  0.22595091 0.22651447 0.22707803 0.22764159
 0.22820514 0.26171222 0.26253672 0.26336122 0.26418572 0.26501022
 0.30338018 0.30428043 0.30518069 0.30608095 0.30698121 0.35178761
 0.35285117 0.35391473 0.35497828 0.35604184 0.40417597 0.40519749
 0.40621901 0.40724053 0.40826204 0.45724972 0.45809279 0.45893586
 0.45977893 0.46062199 0.51651119 0.51728691 0.51806264 0.51883837
 0.5196141  0.59330127 0.59409047 0.59487966 0.59566886 0.59645805
 0.67548361 0.67631321 0.67714281 0.67797241 0.678802   0.79089878
 0.79179908 0.79269939 0.79359969 1.        ]","[0.         0.01010101 0.02020202 0.03030303 0.04040404 0.05050505
 0.06060606 0.07070707 0.08080808 0.09090909 0.1010101  0.11111111
 0.12121212 0.13131313 0.14141414 0.15151515 0.16161616 0.17171717
 0.18181818 0.19191919 0.2020202  0.21212121 0.22222222 0.23232323
 0.24242424 0.25252525 0.26262626 0.27272727 0.28282828 0.29292929
 0.3030303  0.31313131 0.32323232 0.33333333 0.34343434 0.35353535
 0.36363636 0.37373737 0.38383838 0.39393939 0.4040404  0.41414141
 0.42424242 0.43434343 0.44444444 0.45454545 0.46464646 0.47474747
 0.48484848 0.49494949 0.50505051 0.51515152 0.52525253 0.53535354
 0.54545455 0.55555556 0.56565657 0.57575758 0.58585859 0.5959596
 0.60606061 0.61616162 0.62626263 0.63636364 0.64646465 0.65656566
 0.66666667 0.67676768 0.68686869 0.6969697  0.70707071 0.71717172
 0.72727273 0.73737374 0.74747475 0.75757576 0.76767677 0.77777778
 0.78787879 0.7979798  0.80808081 0.81818182 0.82828283 0.83838384
 0.84848485 0.85858586 0.86868687 0.87878788 0.88888889 0.8989899
 0.90909091 0.91919192 0.92929293 0.93939394 0.94949495 0.95959596
 0.96969697 0.97979798 0.98989899 1.        ]","[1.         0.94678839 0.95157677 0.95636516 0.96115354 0.90813464
 0.91344395 0.91875326 0.92406257 0.92937188 0.86702013 0.87267127
 0.87832241 0.88397355 0.88962469 0.84236495 0.84741977 0.85247459
 0.8575294  0.86258422 0.81386035 0.81873459 0.82360883 0.82848307
 0.83335731 0.78815059 0.79282367 0.79749675 0.80216983 0.80684291
 0.7715093  0.77570995 0.7799106  0.78411126 0.78831191 0.75130002
 0.75532506 0.7593501  0.76337514 0.76740018 0.74216107 0.74576888
 0.7493767  0.75298451 0.75659232 0.72565508 0.72907536 0.73249564
 0.73591591 0.73933619 0.71163005 0.71478794 0.71794583 0.72110373
 0.72426162 0.69779085 0.70060072 0.70341059 0.70622046 0.70903033
 0.68180816 0.68450958 0.687211   0.68991241 0.69261383 0.66430571
 0.6668292  0.6693527  0.67187619 0.67439969 0.64823886 0.65076071
 0.65328256 0.65580441 0.65832626 0.63469745 0.63719226 0.63968706
 0.64218187 0.64467668 0.61959996 0.62209868 0.6245974  0.62709612
 0.62959484 0.59876651 0.60118003 0.60359356 0.60600708 0.60842061
 0.5797117  0.58205444 0.58439717 0.5867399  0.58908264 0.55241651
 0.55468053 0.55694456 0.55920858 0.56147261]","[0.         0.01010101 0.02020202 0.03030303 0.04040404 0.05050505
 0.06060606 0.07070707 0.08080808 0.09090909 0.1010101  0.11111111
 0.12121212 0.13131313 0.14141414 0.15151515 0.16161616 0.17171717
 0.18181818 0.19191919 0.2020202  0.21212121 0.22222222 0.23232323
 0.24242424 0.25252525 0.26262626 0.27272727 0.28282828 0.29292929
 0.3030303  0.31313131 0.32323232 0.33333333 0.34343434 0.35353535
 0.36363636 0.37373737 0.38383838 0.39393939 0.4040404  0.41414141
 0.42424242 0.43434343 0.44444444 0.45454545 0.46464646 0.47474747
 0.48484848 0.49494949 0.50505051 0.51515152 0.52525253 0.53535354
 0.54545455 0.55555556 0.56565657 0.57575758 0.58585859 0.5959596
 0.60606061 0.61616162 0.62626263 0.63636364 0.64646465 0.65656566
 0.66666667 0.67676768 0.68686869 0.6969697  0.70707071 0.71717172
 0.72727273 0.73737374 0.74747475 0.75757576 0.76767677 0.77777778
 0.78787879 0.7979798  0.80808081 0.81818182 0.82828283 0.83838384
 0.84848485 0.85858586 0.86868687 0.87878788 0.88888889 0.8989899
 0.90909091 0.91919192 0.92929293 0.93939394 0.94949495 0.95959596
 0.96969697 0.97979798 0.98989899 1.        ]",0.65685,0.65685,"[[13.392  6.608]
 [ 7.118 12.882]]"
GaussianNB,"[0.         0.01330606 0.01391212 0.01451818 0.01512424 0.03182424
 0.03230909 0.03279394 0.03327879 0.03376364 0.05056162 0.05117778
 0.05179394 0.0524101  0.05302626 0.06838485 0.06861717 0.06884949
 0.06908182 0.06931414 0.08493232 0.08509394 0.08525556 0.08541717
 0.08557879 0.1041303  0.10425152 0.10437273 0.10449394 0.10461515
 0.12173636 0.12185758 0.12197879 0.1221     0.12222121 0.13800707
 0.13802727 0.13804747 0.13806768 0.13808788 0.15382424 0.15388485
 0.15394545 0.15400606 0.15406667 0.17471818 0.17475859 0.17479899
 0.17483939 0.1748798  0.1968     0.1968     0.1968     0.1968
 0.1968     0.2181     0.2181     0.2181     0.2181     0.2181
 0.2471     0.2471     0.2471     0.2471     0.2471     0.28391313
 0.28393333 0.28395354 0.28397374 0.28399394 0.338      0.338
 0.338      0.338      0.338      0.407      0.407      0.407
 0.407      0.407      0.49163232 0.49167273 0.49171313 0.49175354
 0.49179394 0.58521717 0.58523737 0.58525758 0.58527778 0.58529798
 0.68719091 0.68729192 0.68739293 0.68749394 0.68759495 0.81545758
 0.81551818 0.81557879 0.81563939 1.        ]","[0.         0.01010101 0.02020202 0.03030303 0.04040404 0.05050505
 0.06060606 0.07070707 0.08080808 0.09090909 0.1010101  0.11111111
 0.12121212 0.13131313 0.14141414 0.15151515 0.16161616 0.17171717
 0.18181818 0.19191919 0.2020202  0.21212121 0.22222222 0.23232323
 0.24242424 0.25252525 0.26262626 0.27272727 0.28282828 0.29292929
 0.3030303  0.31313131 0.32323232 0.33333333 0.34343434 0.35353535
 0.36363636 0.37373737 0.38383838 0.39393939 0.4040404  0.41414141
 0.42424242 0.43434343 0.44444444 0.45454545 0.46464646 0.47474747
 0.48484848 0.49494949 0.50505051 0.51515152 0.52525253 0.53535354
 0.54545455 0.55555556 0.56565657 0.57575758 0.58585859 0.5959596
 0.60606061 0.61616162 0.62626263 0.63636364 0.64646465 0.65656566
 0.66666667 0.67676768 0.68686869 0.6969697  0.70707071 0.71717172
 0.72727273 0.73737374 0.74747475 0.75757576 0.76767677 0.77777778
 0.78787879 0.7979798  0.80808081 0.81818182 0.82828283 0.83838384
 0.84848485 0.85858586 0.86868687 0.87878788 0.88888889 0.8989899
 0.90909091 0.91919192 0.92929293 0.93939394 0.94949495 0.95959596
 0.96969697 0.97979798 0.98989899 1.        ]","[1.         0.82451852 0.83703704 0.84955556 0.86207407 0.75137845
 0.76361414 0.77584983 0.78808552 0.80032121 0.7367671  0.74567619
 0.75458528 0.76349437 0.77240346 0.73500586 0.74323537 0.75146489
 0.75969441 0.76792393 0.73822684 0.74509171 0.75195659 0.75882146
 0.76568634 0.7345297  0.74050865 0.7464876  0.75246655 0.7584455
 0.73456907 0.73978336 0.74499765 0.75021194 0.75542623 0.73585672
 0.74062115 0.74538558 0.75015001 0.75491444 0.73842512 0.74259886
 0.7467726  0.75094633 0.75512007 0.73518753 0.73898578 0.74278402
 0.74658226 0.75038051 0.73104826 0.73461026 0.73817226 0.74173426
 0.74529625 0.72923599 0.73251652 0.73579705 0.73907757 0.7423581
 0.72198204 0.72505451 0.72812698 0.73119944 0.73427191 0.71055425
 0.71346433 0.71637442 0.7192845  0.72219458 0.68967659 0.69251004
 0.69534348 0.69817693 0.70101037 0.66369997 0.66647412 0.66924828
 0.67202243 0.67479658 0.63266938 0.63539571 0.63812204 0.64084837
 0.6435747  0.60464563 0.60731097 0.60997631 0.61264165 0.61530699
 0.57639876 0.57897923 0.5815597  0.58414018 0.58672065 0.54484864
 0.54736804 0.54988745 0.55240686 0.55492627]","[0.         0.01010101 0.02020202 0.03030303 0.04040404 0.05050505
 0.06060606 0.07070707 0.08080808 0.09090909 0.1010101  0.11111111
 0.12121212 0.13131313 0.14141414 0.15151515 0.16161616 0.17171717
 0.18181818 0.19191919 0.2020202  0.21212121 0.22222222 0.23232323
 0.24242424 0.25252525 0.26262626 0.27272727 0.28282828 0.29292929
 0.3030303  0.31313131 0.32323232 0.33333333 0.34343434 0.35353535
 0.36363636 0.37373737 0.38383838 0.39393939 0.4040404  0.41414141
 0.42424242 0.43434343 0.44444444 0.45454545 0.46464646 0.47474747
 0.48484848 0.49494949 0.50505051 0.51515152 0.52525253 0.53535354
 0.54545455 0.55555556 0.56565657 0.57575758 0.58585859 0.5959596
 0.60606061 0.61616162 0.62626263 0.63636364 0.64646465 0.65656566
 0.66666667 0.67676768 0.68686869 0.6969697  0.70707071 0.71717172
 0.72727273 0.73737374 0.74747475 0.75757576 0.76767677 0.77777778
 0.78787879 0.7979798  0.80808081 0.81818182 0.82828283 0.83838384
 0.84848485 0.85858586 0.86868687 0.87878788 0.88888889 0.8989899
 0.90909091 0.91919192 0.92929293 0.93939394 0.94949495 0.95959596
 0.96969697 0.97979798 0.98989899 1.        ]",0.6965500000000001,0.6965500000000001,"[[14.75   5.25 ]
 [ 6.888 13.112]]"
Bagging,"[0.         0.00458562 0.00627124 0.00795685 0.00964247 0.01414135
 0.01609214 0.01804294 0.01999373 0.02194452 0.02651475 0.02865984
 0.03080494 0.03295003 0.03509512 0.04060182 0.04315759 0.04571336
 0.04826913 0.05082491 0.0554303  0.05823417 0.06103804 0.06384191
 0.06664579 0.07187534 0.07518192 0.0784885  0.08179508 0.08510166
 0.09180239 0.09575614 0.09970988 0.10366362 0.10761737 0.11475086
 0.11950388 0.1242569  0.12900993 0.13376295 0.14341786 0.14867559
 0.15393333 0.15919106 0.1644488  0.17435766 0.18039568 0.18643369
 0.19247171 0.19850972 0.20972001 0.21630256 0.22288512 0.22946768
 0.23605023 0.25115609 0.25832648 0.26549687 0.27266725 0.27983764
 0.29308101 0.30087304 0.30866508 0.31645711 0.32424914 0.33838048
 0.34715606 0.35593164 0.36470722 0.3734828  0.39036997 0.39959068
 0.40881139 0.41803209 0.4272528  0.44395872 0.45489304 0.46582735
 0.47676167 0.48769599 0.51250156 0.52327494 0.53404831 0.54482169
 0.55559506 0.58548943 0.5987581  0.61202676 0.62529542 0.63856409
 0.67409784 0.68932771 0.70455758 0.71978745 0.73501732 0.7870152
 0.8042114  0.8214076  0.8386038  1.        ]","[0.         0.01010101 0.02020202 0.03030303 0.04040404 0.05050505
 0.06060606 0.07070707 0.08080808 0.09090909 0.1010101  0.11111111
 0.12121212 0.13131313 0.14141414 0.15151515 0.16161616 0.17171717
 0.18181818 0.19191919 0.2020202  0.21212121 0.22222222 0.23232323
 0.24242424 0.25252525 0.26262626 0.27272727 0.28282828 0.29292929
 0.3030303  0.31313131 0.32323232 0.33333333 0.34343434 0.35353535
 0.36363636 0.37373737 0.38383838 0.39393939 0.4040404  0.41414141
 0.42424242 0.43434343 0.44444444 0.45454545 0.46464646 0.47474747
 0.48484848 0.49494949 0.50505051 0.51515152 0.52525253 0.53535354
 0.54545455 0.55555556 0.56565657 0.57575758 0.58585859 0.5959596
 0.60606061 0.61616162 0.62626263 0.63636364 0.64646465 0.65656566
 0.66666667 0.67676768 0.68686869 0.6969697  0.70707071 0.71717172
 0.72727273 0.73737374 0.74747475 0.75757576 0.76767677 0.77777778
 0.78787879 0.7979798  0.80808081 0.81818182 0.82828283 0.83838384
 0.84848485 0.85858586 0.86868687 0.87878788 0.88888889 0.8989899
 0.90909091 0.91919192 0.92929293 0.93939394 0.94949495 0.95959596
 0.96969697 0.97979798 0.98989899 1.        ]","[1.         0.93912524 0.93025047 0.92137571 0.91250094 0.88261748
 0.87890214 0.87518681 0.87147147 0.86775613 0.85085645 0.84929769
 0.84773892 0.84618016 0.84462139 0.83108401 0.82957258 0.82806115
 0.82654972 0.82503829 0.81815359 0.8167758  0.81539802 0.81402024
 0.81264245 0.80580765 0.80449066 0.80317367 0.80185668 0.80053969
 0.79265017 0.79072731 0.78880445 0.78688158 0.78495872 0.77790795
 0.77539452 0.77288108 0.77036765 0.76785422 0.75853454 0.75628986
 0.75404517 0.75180049 0.74955581 0.74180953 0.73929942 0.73678932
 0.73427921 0.7317691  0.72444433 0.72185084 0.71925735 0.71666385
 0.71407036 0.70369644 0.70139496 0.69909349 0.69679202 0.69449055
 0.68772615 0.68550994 0.68329373 0.68107753 0.67886132 0.67252472
 0.67007415 0.66762357 0.665173   0.66272242 0.65567381 0.65346346
 0.6512531  0.64904275 0.64683239 0.64068861 0.63801153 0.63533444
 0.63265736 0.62998028 0.62055177 0.6184098  0.61626784 0.61412587
 0.6119839  0.60149239 0.59878531 0.59607823 0.59337115 0.59066407
 0.58007319 0.57714975 0.5742263  0.57130286 0.56837942 0.55345377
 0.5504866  0.54751943 0.54455226 0.54158509]","[0.         0.01010101 0.02020202 0.03030303 0.04040404 0.05050505
 0.06060606 0.07070707 0.08080808 0.09090909 0.1010101  0.11111111
 0.12121212 0.13131313 0.14141414 0.15151515 0.16161616 0.17171717
 0.18181818 0.19191919 0.2020202  0.21212121 0.22222222 0.23232323
 0.24242424 0.25252525 0.26262626 0.27272727 0.28282828 0.29292929
 0.3030303  0.31313131 0.32323232 0.33333333 0.34343434 0.35353535
 0.36363636 0.37373737 0.38383838 0.39393939 0.4040404  0.41414141
 0.42424242 0.43434343 0.44444444 0.45454545 0.46464646 0.47474747
 0.48484848 0.49494949 0.50505051 0.51515152 0.52525253 0.53535354
 0.54545455 0.55555556 0.56565657 0.57575758 0.58585859 0.5959596
 0.60606061 0.61616162 0.62626263 0.63636364 0.64646465 0.65656566
 0.66666667 0.67676768 0.68686869 0.6969697  0.70707071 0.71717172
 0.72727273 0.73737374 0.74747475 0.75757576 0.76767677 0.77777778
 0.78787879 0.7979798  0.80808081 0.81818182 0.82828283 0.83838384
 0.84848485 0.85858586 0.86868687 0.87878788 0.88888889 0.8989899
 0.90909091 0.91919192 0.92929293 0.93939394 0.94949495 0.95959596
 0.96969697 0.97979798 0.98989899 1.        ]",0.65825,0.65825,"[[14.562  5.438]
 [ 8.232 11.768]]"
ExtraTrees,"[0.         0.00201953 0.00293906 0.00385859 0.00477811 0.00978148
 0.01037778 0.01097407 0.01157037 0.01216667 0.02004377 0.02044815
 0.02085253 0.0212569  0.02166128 0.03175354 0.0320771  0.03240067
 0.03272424 0.03304781 0.04254714 0.04324949 0.04395185 0.04465421
 0.04535657 0.05742054 0.05796936 0.05851818 0.059067   0.05961582
 0.07128384 0.07189663 0.07250943 0.07312222 0.07373502 0.0863138
 0.08711515 0.0879165  0.08871785 0.08951919 0.10514882 0.10602088
 0.10689293 0.10776498 0.10863704 0.12284697 0.12402542 0.12520387
 0.12638232 0.12756077 0.14434832 0.14534495 0.14634158 0.14733822
 0.14833485 0.17046944 0.17208056 0.17369167 0.17530278 0.17691389
 0.201025   0.20296944 0.20491389 0.20685833 0.20880278 0.24203502
 0.24442222 0.24680943 0.24919663 0.25158384 0.28899596 0.29156162
 0.29412727 0.29669293 0.29925859 0.34806944 0.3508287  0.35358796
 0.35634722 0.35910648 0.42042466 0.42338258 0.42634049 0.4292984
 0.43225631 0.50989007 0.51293721 0.51598434 0.51903148 0.52207862
 0.61508333 0.61875    0.62241667 0.62608333 0.62975    0.75585825
 0.76156869 0.76727912 0.77298956 1.        ]","[0.         0.01010101 0.02020202 0.03030303 0.04040404 0.05050505
 0.06060606 0.07070707 0.08080808 0.09090909 0.1010101  0.11111111
 0.12121212 0.13131313 0.14141414 0.15151515 0.16161616 0.17171717
 0.18181818 0.19191919 0.2020202  0.21212121 0.22222222 0.23232323
 0.24242424 0.25252525 0.26262626 0.27272727 0.28282828 0.29292929
 0.3030303  0.31313131 0.32323232 0.33333333 0.34343434 0.35353535
 0.36363636 0.37373737 0.38383838 0.39393939 0.4040404  0.41414141
 0.42424242 0.43434343 0.44444444 0.45454545 0.46464646 0.47474747
 0.48484848 0.49494949 0.50505051 0.51515152 0.52525253 0.53535354
 0.54545455 0.55555556 0.56565657 0.57575758 0.58585859 0.5959596
 0.60606061 0.61616162 0.62626263 0.63636364 0.64646465 0.65656566
 0.66666667 0.67676768 0.68686869 0.6969697  0.70707071 0.71717172
 0.72727273 0.73737374 0.74747475 0.75757576 0.76767677 0.77777778
 0.78787879 0.7979798  0.80808081 0.81818182 0.82828283 0.83838384
 0.84848485 0.85858586 0.86868687 0.87878788 0.88888889 0.8989899
 0.90909091 0.91919192 0.92929293 0.93939394 0.94949495 0.95959596
 0.96969697 0.97979798 0.98989899 1.        ]","[1.         0.97895334 0.97390669 0.96886003 0.96381337 0.92447518
 0.92493117 0.92538716 0.92584315 0.92629913 0.88631966 0.88942099
 0.89252232 0.89562365 0.89872498 0.86234166 0.86621199 0.87008231
 0.87395264 0.87782297 0.85185903 0.85460565 0.85735227 0.86009889
 0.86284552 0.83829375 0.84122633 0.84415891 0.84709149 0.85002407
 0.82952339 0.8321676  0.83481181 0.83745602 0.84010022 0.82160881
 0.82382567 0.82604253 0.82825939 0.83047625 0.81015417 0.81221282
 0.81427147 0.81633012 0.81838877 0.80183259 0.80345991 0.80508723
 0.80671455 0.80834186 0.79197896 0.79382085 0.79566275 0.79750464
 0.79934654 0.77796118 0.7792626  0.78056403 0.78186545 0.78316687
 0.76313645 0.76416485 0.76519325 0.76622164 0.76725004 0.74213774
 0.74302464 0.74391154 0.74479845 0.74568535 0.72147734 0.72240145
 0.72332555 0.72424965 0.72517375 0.69731465 0.6982415  0.69916836
 0.70009521 0.70102206 0.66870148 0.6697026  0.67070372 0.67170484
 0.67270597 0.63661258 0.63780608 0.63899958 0.64019309 0.64138659
 0.60462484 0.6057484  0.60687195 0.60799551 0.60911907 0.5651258
 0.56588386 0.56664191 0.56739997 0.56815802]","[0.         0.01010101 0.02020202 0.03030303 0.04040404 0.05050505
 0.06060606 0.07070707 0.08080808 0.09090909 0.1010101  0.11111111
 0.12121212 0.13131313 0.14141414 0.15151515 0.16161616 0.17171717
 0.18181818 0.19191919 0.2020202  0.21212121 0.22222222 0.23232323
 0.24242424 0.25252525 0.26262626 0.27272727 0.28282828 0.29292929
 0.3030303  0.31313131 0.32323232 0.33333333 0.34343434 0.35353535
 0.36363636 0.37373737 0.38383838 0.39393939 0.4040404  0.41414141
 0.42424242 0.43434343 0.44444444 0.45454545 0.46464646 0.47474747
 0.48484848 0.49494949 0.50505051 0.51515152 0.52525253 0.53535354
 0.54545455 0.55555556 0.56565657 0.57575758 0.58585859 0.5959596
 0.60606061 0.61616162 0.62626263 0.63636364 0.64646465 0.65656566
 0.66666667 0.67676768 0.68686869 0.6969697  0.70707071 0.71717172
 0.72727273 0.73737374 0.74747475 0.75757576 0.76767677 0.77777778
 0.78787879 0.7979798  0.80808081 0.81818182 0.82828283 0.83838384
 0.84848485 0.85858586 0.86868687 0.87878788 0.88888889 0.8989899
 0.90909091 0.91919192 0.92929293 0.93939394 0.94949495 0.95959596
 0.96969697 0.97979798 0.98989899 1.        ]",0.7259500000000001,0.7259500000000001,"[[14.726  5.274]
 [ 5.688 14.312]]"
DecisionTree,"[0.         0.00625605 0.0125121  0.01876815 0.02502419 0.03128024
 0.03753629 0.04379234 0.05004839 0.05630444 0.06256049 0.06881653
 0.07507258 0.08132863 0.08758468 0.09384073 0.10009678 0.10635282
 0.11260887 0.11886492 0.12512299 0.13138914 0.13765529 0.14392144
 0.15018759 0.1564396  0.16264918 0.16885876 0.17506835 0.18127793
 0.18769589 0.19393337 0.20017085 0.20640833 0.21264581 0.21888019
 0.22510879 0.23133739 0.23756599 0.24379459 0.25040468 0.25658698
 0.26276929 0.2689516  0.2751339  0.28219049 0.28853789 0.29488528
 0.30123267 0.30758006 0.31559007 0.32226272 0.32893536 0.335608
 0.34228065 0.35289083 0.36072264 0.36855446 0.37638627 0.38421808
 0.39696908 0.40633288 0.41569667 0.42506047 0.43442427 0.4470556
 0.45806175 0.46906791 0.48007406 0.49108022 0.50683216 0.51990373
 0.53297531 0.54604688 0.55911845 0.57655568 0.59198146 0.60740723
 0.62283301 0.63825879 0.65601084 0.67271944 0.68942805 0.70613666
 0.72284527 0.74082576 0.75867777 0.77652977 0.79438177 0.81223377
 0.83098376 0.84961129 0.86823883 0.88686636 0.9054939  0.92438406
 0.94328805 0.96219203 0.98109602 1.        ]","[0.         0.01010101 0.02020202 0.03030303 0.04040404 0.05050505
 0.06060606 0.07070707 0.08080808 0.09090909 0.1010101  0.11111111
 0.12121212 0.13131313 0.14141414 0.15151515 0.16161616 0.17171717
 0.18181818 0.19191919 0.2020202  0.21212121 0.22222222 0.23232323
 0.24242424 0.25252525 0.26262626 0.27272727 0.28282828 0.29292929
 0.3030303  0.31313131 0.32323232 0.33333333 0.34343434 0.35353535
 0.36363636 0.37373737 0.38383838 0.39393939 0.4040404  0.41414141
 0.42424242 0.43434343 0.44444444 0.45454545 0.46464646 0.47474747
 0.48484848 0.49494949 0.50505051 0.51515152 0.52525253 0.53535354
 0.54545455 0.55555556 0.56565657 0.57575758 0.58585859 0.5959596
 0.60606061 0.61616162 0.62626263 0.63636364 0.64646465 0.65656566
 0.66666667 0.67676768 0.68686869 0.6969697  0.70707071 0.71717172
 0.72727273 0.73737374 0.74747475 0.75757576 0.76767677 0.77777778
 0.78787879 0.7979798  0.80808081 0.81818182 0.82828283 0.83838384
 0.84848485 0.85858586 0.86868687 0.87878788 0.88888889 0.8989899
 0.90909091 0.91919192 0.92929293 0.93939394 0.94949495 0.95959596
 0.96969697 0.97979798 0.98989899 1.        ]","[1.         0.99354334 0.98708667 0.98063001 0.97417335 0.96771668
 0.96126002 0.95480335 0.94834669 0.94189003 0.93543336 0.9289767
 0.92252004 0.91606337 0.90960671 0.90315004 0.89669338 0.89023672
 0.88378005 0.87732339 0.8708776  0.86447533 0.85807306 0.85167078
 0.84526851 0.83888544 0.83255998 0.82623452 0.81990905 0.81358359
 0.80715625 0.80084833 0.7945404  0.78823248 0.78192455 0.77564234
 0.76940787 0.7631734  0.75693894 0.75070447 0.74429702 0.73835408
 0.73241115 0.72646821 0.72052527 0.71420489 0.70873027 0.70325564
 0.69778102 0.69230639 0.68620143 0.68152143 0.67684144 0.67216144
 0.66748144 0.66114078 0.65734821 0.65355564 0.64976307 0.64597051
 0.64000762 0.63675516 0.6335027  0.63025024 0.62699778 0.62265972
 0.61976137 0.61686303 0.61396469 0.61106635 0.60620839 0.60338722
 0.60056606 0.59774489 0.59492372 0.59029749 0.58707618 0.58385487
 0.58063356 0.57741225 0.57328959 0.5698554  0.56642121 0.56298702
 0.55955283 0.55568363 0.55191421 0.5481448  0.54437538 0.54060597
 0.53650179 0.53250101 0.52850023 0.52449944 0.52049866 0.51640292
 0.51230219 0.50820146 0.50410073 0.5       ]","[0.         0.01010101 0.02020202 0.03030303 0.04040404 0.05050505
 0.06060606 0.07070707 0.08080808 0.09090909 0.1010101  0.11111111
 0.12121212 0.13131313 0.14141414 0.15151515 0.16161616 0.17171717
 0.18181818 0.19191919 0.2020202  0.21212121 0.22222222 0.23232323
 0.24242424 0.25252525 0.26262626 0.27272727 0.28282828 0.29292929
 0.3030303  0.31313131 0.32323232 0.33333333 0.34343434 0.35353535
 0.36363636 0.37373737 0.38383838 0.39393939 0.4040404  0.41414141
 0.42424242 0.43434343 0.44444444 0.45454545 0.46464646 0.47474747
 0.48484848 0.49494949 0.50505051 0.51515152 0.52525253 0.53535354
 0.54545455 0.55555556 0.56565657 0.57575758 0.58585859 0.5959596
 0.60606061 0.61616162 0.62626263 0.63636364 0.64646465 0.65656566
 0.66666667 0.67676768 0.68686869 0.6969697  0.70707071 0.71717172
 0.72727273 0.73737374 0.74747475 0.75757576 0.76767677 0.77777778
 0.78787879 0.7979798  0.80808081 0.81818182 0.82828283 0.83838384
 0.84848485 0.85858586 0.86868687 0.87878788 0.88888889 0.8989899
 0.90909091 0.91919192 0.92929293 0.93939394 0.94949495 0.95959596
 0.96969697 0.97979798 0.98989899 1.        ]",0.6205,0.6205,"[[12.464  7.536]
 [ 7.644 12.356]]"
GradientBoosting,"[0.         0.0041     0.0041     0.0041     0.0041     0.013
 0.013      0.013      0.013      0.013      0.0232     0.0232
 0.0232     0.0232     0.0232     0.03650909 0.0365697  0.0366303
 0.03669091 0.03675152 0.05291212 0.05297273 0.05303333 0.05309394
 0.05315455 0.0674     0.0674     0.0674     0.0674     0.0674
 0.0842     0.0842     0.0842     0.0842     0.0842     0.1024
 0.1024     0.1024     0.1024     0.1024     0.124      0.124
 0.124      0.124      0.124      0.1491     0.1491     0.1491
 0.1491     0.1491     0.1758     0.1758     0.1758     0.1758
 0.1758     0.20908889 0.20925051 0.20941212 0.20957374 0.20973535
 0.24323333 0.24345556 0.24367778 0.2439     0.24412222 0.28563131
 0.28583333 0.28603535 0.28623737 0.28643939 0.33158283 0.33198687
 0.33239091 0.33279495 0.33319899 0.38442727 0.3847303  0.38503333
 0.38533636 0.38563939 0.44865556 0.4491     0.44954444 0.44998889
 0.45043333 0.52652323 0.52678586 0.52704848 0.52731111 0.52757374
 0.63013636 0.6305101  0.63088384 0.63125758 0.63163131 0.77725152
 0.77746364 0.77767576 0.77788788 1.        ]","[0.         0.01010101 0.02020202 0.03030303 0.04040404 0.05050505
 0.06060606 0.07070707 0.08080808 0.09090909 0.1010101  0.11111111
 0.12121212 0.13131313 0.14141414 0.15151515 0.16161616 0.17171717
 0.18181818 0.19191919 0.2020202  0.21212121 0.22222222 0.23232323
 0.24242424 0.25252525 0.26262626 0.27272727 0.28282828 0.29292929
 0.3030303  0.31313131 0.32323232 0.33333333 0.34343434 0.35353535
 0.36363636 0.37373737 0.38383838 0.39393939 0.4040404  0.41414141
 0.42424242 0.43434343 0.44444444 0.45454545 0.46464646 0.47474747
 0.48484848 0.49494949 0.50505051 0.51515152 0.52525253 0.53535354
 0.54545455 0.55555556 0.56565657 0.57575758 0.58585859 0.5959596
 0.60606061 0.61616162 0.62626263 0.63636364 0.64646465 0.65656566
 0.66666667 0.67676768 0.68686869 0.6969697  0.70707071 0.71717172
 0.72727273 0.73737374 0.74747475 0.75757576 0.76767677 0.77777778
 0.78787879 0.7979798  0.80808081 0.81818182 0.82828283 0.83838384
 0.84848485 0.85858586 0.86868687 0.87878788 0.88888889 0.8989899
 0.90909091 0.91919192 0.92929293 0.93939394 0.94949495 0.95959596
 0.96969697 0.97979798 0.98989899 1.        ]","[1.         0.93113805 0.93827609 0.94541414 0.95255219 0.88443653
 0.89183384 0.89923114 0.90662845 0.91402576 0.87227963 0.87814735
 0.88401508 0.8898828  0.89575053 0.84840633 0.85370246 0.8589986
 0.86429473 0.86959087 0.8258876  0.83094719 0.83600677 0.84106636
 0.84612595 0.81544635 0.820086   0.82472564 0.82936529 0.83400494
 0.80542983 0.80962924 0.81382865 0.81802806 0.82222747 0.79567644
 0.79953359 0.80339075 0.80724791 0.81110507 0.78230504 0.78595662
 0.7896082  0.79325978 0.79691135 0.76834215 0.77181245 0.77528276
 0.77875307 0.78222337 0.75511336 0.75842125 0.76172914 0.76503703
 0.76834492 0.73977271 0.74282493 0.74587716 0.74892939 0.75198162
 0.72703989 0.72988369 0.7327275  0.7355713  0.7384151  0.70935979
 0.71215794 0.71495608 0.71775423 0.72055237 0.69164662 0.69421884
 0.69679106 0.69936328 0.70193549 0.67318493 0.67577381 0.67836269
 0.68095158 0.68354046 0.65172626 0.65415986 0.65659346 0.65902706
 0.66146066 0.62765845 0.63016143 0.63266441 0.6351674  0.63767038
 0.59743147 0.59985907 0.60228666 0.60471425 0.60714185 0.55822623
 0.56066983 0.56311343 0.56555704 0.56800064]","[0.         0.01010101 0.02020202 0.03030303 0.04040404 0.05050505
 0.06060606 0.07070707 0.08080808 0.09090909 0.1010101  0.11111111
 0.12121212 0.13131313 0.14141414 0.15151515 0.16161616 0.17171717
 0.18181818 0.19191919 0.2020202  0.21212121 0.22222222 0.23232323
 0.24242424 0.25252525 0.26262626 0.27272727 0.28282828 0.29292929
 0.3030303  0.31313131 0.32323232 0.33333333 0.34343434 0.35353535
 0.36363636 0.37373737 0.38383838 0.39393939 0.4040404  0.41414141
 0.42424242 0.43434343 0.44444444 0.45454545 0.46464646 0.47474747
 0.48484848 0.49494949 0.50505051 0.51515152 0.52525253 0.53535354
 0.54545455 0.55555556 0.56565657 0.57575758 0.58585859 0.5959596
 0.60606061 0.61616162 0.62626263 0.63636364 0.64646465 0.65656566
 0.66666667 0.67676768 0.68686869 0.6969697  0.70707071 0.71717172
 0.72727273 0.73737374 0.74747475 0.75757576 0.76767677 0.77777778
 0.78787879 0.7979798  0.80808081 0.81818182 0.82828283 0.83838384
 0.84848485 0.85858586 0.86868687 0.87878788 0.88888889 0.8989899
 0.90909091 0.91919192 0.92929293 0.93939394 0.94949495 0.95959596
 0.96969697 0.97979798 0.98989899 1.        ]",0.6979000000000001,0.6979000000000001,"[[14.006  5.994]
 [ 6.09  13.91 ]]"
HistGradientBoosting,"[0.         0.0093     0.0093     0.0093     0.0093     0.0168
 0.0168     0.0168     0.0168     0.0168     0.0273     0.0273
 0.0273     0.0273     0.0273     0.0382     0.0382     0.0382
 0.0382     0.0382     0.0538     0.0538     0.0538     0.0538
 0.0538     0.06961515 0.06967576 0.06973636 0.06979697 0.06985758
 0.08671818 0.08677879 0.08683939 0.0869     0.08696061 0.1098
 0.1098     0.1098     0.1098     0.1098     0.1299     0.1299
 0.1299     0.1299     0.1299     0.1566     0.1566     0.1566
 0.1566     0.1566     0.1888202  0.18886061 0.18890101 0.18894141
 0.18898182 0.22572222 0.22576263 0.22580303 0.22584343 0.22588384
 0.26360606 0.26394949 0.26429293 0.26463636 0.2649798  0.31568889
 0.31613333 0.31657778 0.31702222 0.31746667 0.36517071 0.36527172
 0.36537273 0.36547374 0.36557475 0.42007273 0.42043636 0.4208
 0.42116364 0.42152727 0.48527475 0.48561818 0.48596162 0.48630505
 0.48664848 0.56579192 0.56613535 0.56647879 0.56682222 0.56716566
 0.65743636 0.6578101  0.65818384 0.65855758 0.65893131 0.79013232
 0.79032424 0.79051616 0.79070808 1.        ]","[0.         0.01010101 0.02020202 0.03030303 0.04040404 0.05050505
 0.06060606 0.07070707 0.08080808 0.09090909 0.1010101  0.11111111
 0.12121212 0.13131313 0.14141414 0.15151515 0.16161616 0.17171717
 0.18181818 0.19191919 0.2020202  0.21212121 0.22222222 0.23232323
 0.24242424 0.25252525 0.26262626 0.27272727 0.28282828 0.29292929
 0.3030303  0.31313131 0.32323232 0.33333333 0.34343434 0.35353535
 0.36363636 0.37373737 0.38383838 0.39393939 0.4040404  0.41414141
 0.42424242 0.43434343 0.44444444 0.45454545 0.46464646 0.47474747
 0.48484848 0.49494949 0.50505051 0.51515152 0.52525253 0.53535354
 0.54545455 0.55555556 0.56565657 0.57575758 0.58585859 0.5959596
 0.60606061 0.61616162 0.62626263 0.63636364 0.64646465 0.65656566
 0.66666667 0.67676768 0.68686869 0.6969697  0.70707071 0.71717172
 0.72727273 0.73737374 0.74747475 0.75757576 0.76767677 0.77777778
 0.78787879 0.7979798  0.80808081 0.81818182 0.82828283 0.83838384
 0.84848485 0.85858586 0.86868687 0.87878788 0.88888889 0.8989899
 0.90909091 0.91919192 0.92929293 0.93939394 0.94949495 0.95959596
 0.96969697 0.97979798 0.98989899 1.        ]","[1.         0.84253199 0.85906397 0.87559596 0.89212795 0.84418266
 0.85450253 0.86482239 0.87514226 0.88546212 0.84448059 0.85169127
 0.85890195 0.86611263 0.8733233  0.8381823  0.84412779 0.85007327
 0.85601876 0.86196425 0.8234361  0.82864833 0.83386056 0.83907279
 0.84428502 0.81230714 0.81688979 0.82147244 0.82605509 0.83063773
 0.80106924 0.80526164 0.80945404 0.81364644 0.81783884 0.78335579
 0.78740717 0.79145855 0.79550993 0.79956131 0.7746533  0.77839831
 0.78214332 0.78588832 0.78963333 0.75936399 0.76293502 0.76650604
 0.77007706 0.77364808 0.74167769 0.7450815  0.74848532 0.75188913
 0.75529294 0.72415683 0.72742874 0.73070066 0.73397258 0.7372445
 0.70932199 0.71223341 0.71514483 0.71805625 0.72096767 0.68694773
 0.68972756 0.69250739 0.69528721 0.69806704 0.67063391 0.67352525
 0.67641659 0.67930793 0.68219928 0.6530767  0.65571719 0.65835768
 0.66099816 0.66363865 0.63306333 0.63564134 0.63821935 0.64079735
 0.64337536 0.6098597  0.61236372 0.61486773 0.61737175 0.61987577
 0.58617559 0.5886362  0.59109681 0.59355742 0.59601803 0.55325218
 0.55571595 0.55817972 0.56064348 0.56310725]","[0.         0.01010101 0.02020202 0.03030303 0.04040404 0.05050505
 0.06060606 0.07070707 0.08080808 0.09090909 0.1010101  0.11111111
 0.12121212 0.13131313 0.14141414 0.15151515 0.16161616 0.17171717
 0.18181818 0.19191919 0.2020202  0.21212121 0.22222222 0.23232323
 0.24242424 0.25252525 0.26262626 0.27272727 0.28282828 0.29292929
 0.3030303  0.31313131 0.32323232 0.33333333 0.34343434 0.35353535
 0.36363636 0.37373737 0.38383838 0.39393939 0.4040404  0.41414141
 0.42424242 0.43434343 0.44444444 0.45454545 0.46464646 0.47474747
 0.48484848 0.49494949 0.50505051 0.51515152 0.52525253 0.53535354
 0.54545455 0.55555556 0.56565657 0.57575758 0.58585859 0.5959596
 0.60606061 0.61616162 0.62626263 0.63636364 0.64646465 0.65656566
 0.66666667 0.67676768 0.68686869 0.6969697  0.70707071 0.71717172
 0.72727273 0.73737374 0.74747475 0.75757576 0.76767677 0.77777778
 0.78787879 0.7979798  0.80808081 0.81818182 0.82828283 0.83838384
 0.84848485 0.85858586 0.86868687 0.87878788 0.88888889 0.8989899
 0.90909091 0.91919192 0.92929293 0.93939394 0.94949495 0.95959596
 0.96969697 0.97979798 0.98989899 1.        ]",0.6819500000000001,0.6819500000000001,"[[13.738  6.262]
 [ 6.46  13.54 ]]"
